{
  "sequential": {
    "precision": 0.9259656652360515,
    "recall": 0.9874141876430206,
    "f1": 0.955703211517165
  },
  "ensemble": {
    "precision": 0.9367088607594937,
    "recall": 0.931350114416476,
    "f1": 0.934021801491681
  },
  "lstm": {
    "precision": 0.9603024574669187,
    "recall": 0.951310861423221,
    "f1": 0.955785512699906
  }
}