{
  "rf": {
    "name": "Random Forest (baseline)",
    "train": {
      "precision": 0.8633962264150944,
      "recall": 0.8916601714731099,
      "f1": 0.8773006134969326,
      "confusion_matrix": [
        [
          11961,
          362
        ],
        [
          278,
          2288
        ]
      ],
      "threshold": 0.2059816620747563
    },
    "test": {
      "precision": 0.8674971687429218,
      "recall": 0.8764302059496567,
      "f1": 0.8719408081957882,
      "confusion_matrix": [
        [
          3931,
          117
        ],
        [
          108,
          766
        ]
      ],
      "threshold": 0.2059816620747563
    }
  },
  "rf_balanced": {
    "name": "Random Forest (balanced weights)",
    "train": {
      "precision": 0.8462983840661406,
      "recall": 0.877630553390491,
      "f1": 0.861679739812512,
      "confusion_matrix": [
        [
          11914,
          409
        ],
        [
          314,
          2252
        ]
      ],
      "threshold": 0.4800734749547898
    },
    "test": {
      "precision": 0.8689655172413793,
      "recall": 0.8649885583524027,
      "f1": 0.8669724770642202,
      "confusion_matrix": [
        [
          3934,
          114
        ],
        [
          118,
          756
        ]
      ],
      "threshold": 0.4800734749547898
    }
  },
  "xgboost": {
    "name": "XGBoost (with scale_pos_weight)",
    "train": {
      "precision": 0.9022611232676878,
      "recall": 0.9641465315666407,
      "f1": 0.9321778447626224,
      "confusion_matrix": [
        [
          12055,
          268
        ],
        [
          92,
          2474
        ]
      ],
      "threshold": 0.45998916029930115
    },
    "test": {
      "precision": 0.8731924360400445,
      "recall": 0.8981693363844394,
      "f1": 0.8855047941342358,
      "confusion_matrix": [
        [
          3934,
          114
        ],
        [
          89,
          785
        ]
      ],
      "threshold": 0.45998916029930115
    }
  }
}