{
  "total_candidates": 158,
  "feature_matrix_shape": [
    158,
    1902
  ],
  "total_features": 1902,
  "feature_breakdown": {
    "skill_features": 7,
    "inferred_features": 0,
    "domain_features": 50,
    "weakness_features": 20,
    "profile_features": 6,
    "statistical_features": 6
  },
  "weakness_statistics": {
    "candidates_with_weaknesses": 152,
    "avg_weakness_count": 7.348101265822785,
    "avg_weakness_ratio": 0.39297858931540297
  },
  "feature_statistics": {
    "mean": [
      0.4022942493153892,
      0.11238239667465738,
      3.4177215189873418,
      1.5886075949367089,
      0.7341772151898734,
      47.5699216395419,
      46.99496433594537,
      46.42000703234882,
      0.5749573035965442,
      0.6835443037974683
    ],
    "std": [
      0.2824100066830154,
      0.20059759281754574,
      1.646689005836255,
      0.7641471363672492,
      0.6882165680540848,
      40.44083629117216,
      39.99453949043398,
      39.62118019521473,
      1.7568127229870591,
      0.7638063210909154
    ],
    "min": [
      0.0,
      0.0,
      0.0,
      0.0,
      0.0,
      0.0,
      0.0,
      0.0,
      0.0,
      0.0
    ],
    "max": [
      1.0,
      1.0,
      8.0,
      5.0,
      2.0,
      95.41666666666667,
      94.79166666666667,
      94.16666666666667,
      11.0,
      3.0
    ]
  }
}